1,Randie,Kinworthy,Moldova,2008
2,Merrill,Dows,Russia,2006
3,Dom,Hounihan,Iceland,2006
4,Franchot,Gartside,Sweden,1986
5,Nora,Filintsev,Indonesia,1993
6,Kennith,Gurr,China,2012
7,Dalenna,Pendock,China,1995
8,Ron,Sushams,Indonesia,2002
9,Tucker,Archbald,Argentina,2004
10,Ros,Wolters,Czech Republic,1994
11,Rafferty,Bohlmann,China,1989
12,Pierette,Matthieson,Panama,2010
13,Merna,Pegrum,Czech Republic,1990
14,Ferdy,Maycey,South Africa,1986
15,Emory,Corsar,Slovenia,1999
16,Wyndham,Blondel,Mexico,2007
17,Onfroi,Shawdforth,Brazil,1999
18,Dixie,Huitson,Japan,1996
19,Gianna,Kilby,China,1993
20,Aubrette,Cattemull,Germany,2004
21,Ainslie,Worrill,Brazil,2002
22,Ware,Jobling,China,1985
23,Ruttger,Wellard,Philippines,2005
24,Andres,Farfalameev,China,2003
25,Marna,Pratten,Russia,2007
26,Robin,Spry,China,2003
27,Julian,Ellerington,Russia,1990
28,Dena,Anthona,Philippines,2001
29,Dagny,Cribbin,Philippines,1990
30,Leticia,Di Biagi,Brazil,1995
31,Osbourn,Langcastle,Indonesia,2011
32,Garner,Tunnadine,Indonesia,1987
33,Quentin,Simnell,Poland,1992
34,Gabriel,Brimilcome,China,1996
35,Doris,Liles,Indonesia,2009
36,Haroun,Bendare,Indonesia,2008
37,Pauly,Delcastel,Senegal,2001
38,Leon,Renouf,Jamaica,1989
39,Marillin,Luety,China,1993
40,Berthe,Wheatcroft,Iraq,1985
41,Jarrid,Chastenet,China,1986
42,Libbi,Gansbuhler,Spain,1987
43,Aube,Portlock,China,1948
44,Robbie,Matthius,Turkmenistan,2004
45,Leeland,Izatt,China,1999
46,Jennie,Trobey,Indonesia,2009
47,Ailina,Allon,China,1991
48,Joann,Ickov,Peru,1993
49,Francoise,Skurm,Mexico,2008
50,Tymothy,O'Duggan,Ukraine,2003
51,Cassie,Houson,China,2009
52,Nelly,Beckham,Serbia,2006
53,Mickey,Frankema,China,1970
54,Berte,Northage,Poland,1993
55,Kip,Gouthier,China,2005
56,Alidia,Kelly,France,1993
57,Hermia,Wallentin,Peru,2005
58,Ed,Artingstall,Indonesia,2010
59,Merrel,Common,France,1996
60,Joseph,Dibbs,Tunisia,2002
61,Ali,St. Pierre,Pakistan,1983
62,Johanna,Duplock,Yemen,2008
63,Koralle,Trunchion,Netherlands,1998
64,Guglielma,Gauler,Portugal,1996
65,Andie,Ortler,China,1986
66,Waly,Robbe,Uzbekistan,2007
67,Lucila,Yacob,Indonesia,2011
68,Lauren,Ameer-Beg,Philippines,1994
69,Correy,Loughnan,Russia,2007
70,Ainslee,De Ath,Jordan,2012
71,Farrell,Bott,Turkey,2013
72,Raffaello,Tritten,China,1993
73,Fayre,McCartan,France,1998
74,Iago,Crady,Uruguay,1985
75,Karna,Kilius,Czech Republic,1994
76,Halette,Gibbonson,China,2006
77,Maxi,Kornyshev,China,1993
78,Elga,Cockton,Kazakhstan,2006
79,Alair,Saltwell,France,2005
80,Mortie,D'Almeida,Egypt,2010
81,Boot,Copcott,Greece,1993
82,Nevins,Mauchlen,Canada,1997
83,Ingeberg,McKirton,China,1993
84,Barthel,Benning,Iran,2010
85,Hali,Corp,China,2001
86,Cleopatra,Poff,Albania,2001
87,Hal,Brimmicombe,Nicaragua,1992
88,Jenica,Entreis,Russia,1994
89,Genni,Wheatcroft,Kenya,2000
90,Sigismund,Deare,Indonesia,2011
91,Adriana,Leetham,Indonesia,2011
92,Delphinia,Arents,Chile,1996
93,Caresa,Drewell,Thailand,1969
94,Erinn,Letham,Indonesia,1998
95,Nari,Chapelle,Brazil,2006
96,Evangelin,Crandon,Honduras,2002
97,Fidelity,Beatty,China,2012
98,Rhoda,Rozalski,Indonesia,1996
99,Kenneth,Bittleson,China,1987
100,Van,Kowalski,Russia,1994
101,Matilda,Mandrier,China,1998
102,Constancia,Verzey,Nigeria,2008
103,Shelli,Berrigan,Indonesia,2011
104,Kare,Chelsom,Russia,2007
105,Ally,Matityahu,United States,1997
106,Poul,Praill,Indonesia,1995
107,Annadiane,Coonihan,Peru,1995
108,Nestor,Manilo,China,1990
109,Rubi,Vergine,Indonesia,1985
110,Ly,Benesevich,Indonesia,2002
111,Lura,Pettifor,China,1997
112,Rebeka,Cash,France,2011
113,Randolph,Woolbrook,Thailand,2006
114,Lenna,Mant,Ivory Coast,1992
115,Vincenty,Hauger,Peru,1993
116,Damon,Edgell,Thailand,2009
117,Maris,Blumsom,Philippines,1993
118,Eberto,Tebbut,Zambia,2008
119,Carlynne,Clifton,Japan,1989
120,Kelwin,Trippick,Peru,2002
121,Emilio,Rogliero,Sweden,1987
122,Tedmund,Switsur,Albania,2009
123,Ashil,Danis,Nigeria,1956
124,Galvan,Bawme,Brazil,2007
125,Saudra,Damp,Philippines,2000
126,Archer,Reek,Yemen,1998
127,Andrey,Poluzzi,Dominican Republic,1986
128,Mauricio,Moscrop,China,2010
129,Hanni,Karys,China,2001
130,Rafaello,Glenny,Russia,1987
131,Haydon,Cockerham,Indonesia,1997
132,Rodrique,Richt,Indonesia,1990
133,Catarina,Hertwell,Indonesia,2003
134,Nels,Dulling,Indonesia,2004
135,Rowe,Claremont,Poland,2005
136,Drake,Gartland,Philippines,2007
137,Berna,Pesselt,China,2009
138,Marc,Haveline,China,1993
139,Cyrillus,Flatt,China,1992
140,Tamarah,Flieg,Japan,1998
141,Chantal,McGloughlin,Russia,2010
142,Zola,Erik,Yemen,2011
143,Iris,Miche,China,2011
144,Carlin,Bachellier,Czech Republic,1992
145,Torie,Fuggle,Sweden,2010
146,Lula,Kelmere,France,2002
147,Otho,Kleimt,Indonesia,2004
148,Wilmar,Mulvy,Mongolia,1993
149,Lizette,Yurocjhin,Gambia,2008
150,Jillayne,Mayte,United States,2007
151,Melesa,Stummeyer,Croatia,1994
152,Sherie,Ballingal,Slovenia,2005
153,Jacinthe,Whyman,United States,1999
154,Jewel,Gebhard,Brazil,1950
155,Randy,Male,China,2008
156,Cull,Cluff,Russia,1999
157,Dwain,Whyley,United States,1996
158,Demetrius,Mityakov,Poland,2006
159,Ulysses,Redferne,Ethiopia,1992
160,Nicola,Jursch,China,2000
161,Hastie,McLleese,Morocco,1994
162,Bevvy,Baillie,United States,1993
163,Vita,Kaszper,Poland,2008
164,Pebrook,Eveque,Russia,2009
165,Lincoln,Beadell,Portugal,1992
166,Fay,Bentz,Brazil,1993
167,Victoir,Emanuelov,Philippines,2009
168,Storm,Samworth,Germany,2000
169,Cayla,Casaccio,Philippines,2012
170,Dyna,McCreedy,Russia,2003
171,Egan,Donaway,South Africa,2006
172,Torrance,Gaw,Panama,2005
173,Rouvin,Penhaleurack,Indonesia,2008
174,Thibaud,Ivory,China,2012
175,Erastus,Adiscot,China,2004
176,Ivette,Rickertsen,Venezuela,1978
177,Dorothy,Tape,Indonesia,2009
178,Leilah,Fasse,Indonesia,2010
179,Bryant,Yakunchikov,France,1993
180,Izabel,Daily,Czech Republic,1988
181,Siward,Skipsey,China,1994
182,Asia,Jestico,Russia,1995
183,Codee,Martin,Eritrea,1993
184,Tibold,Utley,Brazil,2003
185,Cordelie,McEachern,Thailand,2004
186,Anstice,Weatherup,Russia,2005
187,Babs,Moffett,China,1998
188,Kinnie,Le Fevre,Poland,2009
189,Nerissa,Goundsy,Indonesia,2009
190,Blondelle,Eagland,Philippines,2005
191,Constancia,Bayliss,France,1998
192,Klaus,Buckland,Ukraine,2012
193,Wally,Mattiello,Madagascar,1992
194,Merrill,Drysdall,Greece,2003
195,Cassandry,Freebury,Ghana,2005
196,Analise,Emma,Philippines,1986
197,Nollie,Keohane,Philippines,1998
198,La verne,Tace,Micronesia,2012
199,Frank,Klugman,Portugal,1999
200,Olvan,Butterly,China,1991
201,Quintana,MacMaster,China,1990
202,Cathrin,Fidal,China,2006
203,Gaye,Monshall,Peru,1996
204,Sharona,Martijn,Russia,2000
205,Worthington,Buffham,Honduras,1993
206,Lauri,Crolly,Azerbaijan,2001
207,Henrieta,Girtin,Japan,1966
208,Arlina,Woolward,Portugal,1995
209,Nomi,Corson,Indonesia,1994
210,Lionello,Hearnah,Argentina,2012
211,Erl,Burkhill,China,2000
212,Nicolais,Baise,Syria,1987
213,Marijn,De Malchar,Indonesia,1993
214,Hansiain,Wright,Myanmar,2011
215,Ingaborg,Bardell,Ireland,2001
216,Reeva,Chesterfield,Indonesia,2009
217,Micaela,Glauber,Nigeria,2008
218,Skyler,Hargreves,Russia,2000
219,Trumaine,Paur,China,1998
220,Angelico,Koch,Syria,1998
221,Maryl,Mouan,Italy,2005
222,Crystie,Ferrettini,Mauritius,1996
223,Sadella,Fossitt,Bangladesh,1993
224,Mercie,Morgan,Germany,2003
225,Lorie,Duffer,Philippines,2000
226,Salomo,Le Grys,China,2008
227,Pearla,Kebell,Niger,2004
228,Masha,Lantry,Indonesia,2008
229,Julia,Scud,Peru,2008
230,Corri,Floodgate,Philippines,1985
231,Desiree,Pratt,Ecuador,2000
232,Dalenna,Cleveland,Canada,1998
233,Letta,Brankley,China,1974
234,Harley,Willingale,Indonesia,1988
235,Lanette,Itter,Ukraine,1994
236,Thorvald,Matuszkiewicz,Argentina,2012
237,Laurens,Wilcocks,Sierra Leone,1998
238,Rosmunda,Garnett,China,1993
239,Cherida,Duplock,China,1984
240,Raf,Headingham,Brazil,2005
241,Perry,Featherstonhaugh,Peru,2003
242,Melvin,Yates,Philippines,1986
243,Barb,Byforth,Argentina,1992
244,Annissa,Kalinovich,Burkina Faso,2009
245,Menard,Gummory,China,1995
246,Harmony,Teager,Bangladesh,2012
247,Adlai,Quan,Argentina,1995
248,York,Buttrum,Russia,2003
249,Nessy,Ailmer,China,2000
250,Natalya,Morfell,China,2011
251,Prentice,Hodjetts,China,2010
252,Janel,Cammiemile,Czech Republic,2003
253,Florenza,Rowlett,France,2006
254,Rees,Goligly,Ukraine,2010
255,Katy,Verity,Indonesia,2009
256,Rodger,Fursey,China,2011
257,Micah,Norcliffe,Bulgaria,1989
258,Ferne,Nussgen,France,1999
259,Sonnie,Smallbone,Zimbabwe,2011
260,Sansone,Stocker,Russia,1990
261,Imogene,Moreinu,Sweden,1991
262,Jose,Draper,Belarus,1990
263,Merle,McCulloch,China,2005
264,Adrianne,Guilloneau,Czech Republic,2010
265,Burr,Ouslem,Ireland,2009
266,Muffin,Van Weedenburg,Serbia,2013
267,Jackie,Chateau,Myanmar,2002
268,Godard,Collcutt,Sweden,2006
269,Guendolen,Carthew,China,1966
270,Natty,McAneny,Indonesia,2007
271,Bambi,Salmons,Tanzania,2006
272,Sherie,Dank,China,1995
273,Elsey,Buston,China,1997
274,Walsh,Kears,China,1983
275,Renaldo,Wrixon,Philippines,2003
276,Jeni,Denson,Indonesia,1987
277,Cam,Bissatt,Russia,2011
278,Vitia,Loughren,Finland,1998
279,Vivian,O'Sharkey,Philippines,2006
280,Alfonse,Cardenoso,China,1995
281,Yard,Cluett,Russia,2012
282,Rafaellle,Elbourn,Argentina,2006
283,Cos,Clink,Philippines,2006
284,Cristobal,Gounard,Norway,1998
285,Cherry,Jossel,Luxembourg,2013
286,Arlina,Lanchberry,Turkmenistan,1994
287,Corly,Aers,Indonesia,2011
288,Trescha,Pasley,Portugal,1992
289,Hillary,Tregidga,United States,2008
290,Glennie,Giovanardi,Philippines,2001
291,Sharleen,Houlson,China,1996
292,Even,Maylott,Iraq,2012
293,Chickie,Rickersy,Nigeria,1992
294,Kathrine,Splain,Sweden,1994
295,Abeu,Celand,Portugal,1990
296,Edouard,Fearnyough,Indonesia,2013
297,Jeanne,Allewell,Madagascar,2005
298,Sebastiano,Shreeves,China,1998
299,Sigfrid,Gosswell,China,1997
300,Link,Geely,Egypt,2005
301,Mary,Berrecloth,Russia,2001
302,Harmon,Cousen,Russia,2004
303,Yettie,Errowe,Russia,1990
304,Hillier,Seignior,Philippines,1987
305,Gratia,Hammerton,Finland,1984
306,Debora,Reihm,Ireland,1995
307,Antony,Carss,Indonesia,2008
308,Dallas,Sharratt,Cameroon,1985
309,Bobbee,Balstone,Nigeria,1998
310,Olga,De Bruyn,Philippines,1993
311,Xymenes,Popland,Colombia,2008
312,Anastasie,Bygrove,Philippines,2012
313,Hilde,De Clairmont,China,1989
314,Serene,Newcom,Democratic Republic of the Congo,2005
315,Angy,Hamon,South Korea,1996
316,Kristel,Fludder,China,1987
317,Marjie,Elderbrant,China,2002
318,Wandie,Lenthall,France,1996
319,Ardella,Yaxley,Russia,2002
320,Jewel,Ostrich,Indonesia,2004
321,Tanya,Casarili,Indonesia,1999
322,Shaine,Widocks,Russia,1995
323,Brennen,Jorn,China,1994
324,Jaymee,Raleston,Indonesia,1989
325,Waldemar,Bricksey,Indonesia,2007
326,Staci,Rand,Indonesia,2007
327,Joete,Adamik,Philippines,2002
328,Bondie,Yakushkev,Philippines,2004
329,Alissa,Zanetto,Russia,2004
330,Juan,Ibbetson,China,1992
331,Jermain,Kollas,China,1986
332,Rodolph,Follows,Paraguay,2009
333,Merrill,Nairne,Thailand,2012
334,Alyse,Sansam,Mexico,1992
335,Cobby,Biagini,France,1995
336,Vernen,Cassius,Indonesia,2011
337,Dominique,Milsom,Finland,2003
338,Arlinda,Samwaye,Spain,2010
339,Rheta,Hatt,Philippines,2012
340,Antonella,MacCaig,Russia,2004
341,Ellissa,Earwicker,Indonesia,1994
342,Cory,Bampfield,Jordan,1998
343,Catherine,Brodie,Cuba,2004
344,Elvyn,Antuk,Kenya,2006
345,Danella,Josse,Portugal,2006
346,Florentia,Morison,Bulgaria,1994
347,Papageno,Gerding,Finland,2002
348,Sianna,Weller,Philippines,2009
349,Amandie,Althrop,Japan,2008
350,Carly,Chupin,Russia,2004
351,Elicia,Ackenson,Czech Republic,2007
352,Prisca,Kirkness,Croatia,2001
353,Yancey,Papes,France,1998
354,Linnell,Buer,Poland,2012
355,Vittorio,Pyecroft,Estonia,2004
356,Calida,Hartnell,Kyrgyzstan,2011
357,Quinton,Scarisbrick,Canada,1993
358,Valli,Matthisson,Iran,2007
359,Elayne,Adamski,Russia,1999
360,Emalee,Hordell,Malaysia,1992
361,Emmalyn,Mannock,Namibia,1992
362,Anna-diana,Warkup,Georgia,2006
363,Jerrie,Brettor,Indonesia,2003
364,Ozzy,Brentnall,Portugal,1996
365,Nikoletta,Gert,Brazil,1997
366,Geralda,Sheerman,French Southern Territories,1999
367,Emile,Flacknoe,Portugal,1974
368,Brenn,Collis,Australia,1997
369,Filmer,Halpen,Greece,1992
370,Henri,Lendrem,China,1998
371,Abbey,McAster,Kazakhstan,2008
372,Garv,Davion,Ukraine,1995
373,Kerr,Ingry,Brazil,1973
374,Annetta,Hamberstone,Russia,1994
375,Angel,Stickells,France,1994
376,Nicoline,Rattenbury,North Korea,2010
377,Hinze,Heimes,China,1991
378,Hildy,O'Doherty,Indonesia,2003
379,Sergeant,Enderby,Iran,1987
380,Nonna,Tritten,Indonesia,2001
381,Isadora,Strongman,Benin,2001
382,Christiana,Bartlet,Portugal,2002
383,Karalee,Pariso,Samoa,2000
384,Rafa,Prettyjohns,Indonesia,2001
385,Letizia,Steely,China,2009
386,Chrystel,McNess,Russia,1998
387,Juline,Crowch,China,2000
388,Shane,Willeson,Morocco,2013
389,Addie,Marron,Cyprus,2009
390,Andee,Woolway,Palestinian Territory,1989
391,Merilee,Von Der Empten,Indonesia,1997
392,Rouvin,Gilliard,China,2006
393,Allx,Iles,Russia,1992
394,Lowrance,Echalie,Philippines,2002
395,Boris,Bernth,New Zealand,1998
396,Orelle,Rouby,Croatia,2008
397,Gwendolin,Hodjetts,Indonesia,2004
398,Cristobal,Carrier,Brazil,2007
399,Brady,Nightingale,Indonesia,2006
400,Doria,Brouwer,Russia,2008
401,Rice,Goakes,Colombia,1984
402,Bibbie,Mitchel,China,1999
403,Benita,Tankard,Russia,2004
404,Harriot,Seater,Peru,2008
405,Tatum,Naerup,Portugal,2008
406,Linnie,Everiss,Slovenia,1994
407,Yettie,Sikorski,Bulgaria,2002
408,Zared,Kimblin,Samoa,2011
409,Barbette,Sporton,Yemen,1992
410,Emmy,Skellern,China,2002
411,Maude,Gero,Russia,2006
412,Claire,Hanfrey,Sri Lanka,1987
413,Paula,Tomasik,France,1987
414,Melly,Echalier,Cuba,1998
415,Berrie,Dalliwater,Estonia,2002
416,Clerissa,Jeacocke,Bosnia and Herzegovina,2002
417,Ric,Hallworth,Albania,1986
418,Amory,Boorn,Kyrgyzstan,1993
419,Matty,Roylance,Brazil,1987
420,Dionisio,Castagneto,France,2012
421,Donovan,Attenborrow,Indonesia,2002
422,Anni,Deverose,Nigeria,1987
423,Nealy,Brockelsby,Finland,1992
424,Vladamir,Beecheno,China,2009
425,Tomi,Ortelt,China,2009
426,Bekki,Bastie,Colombia,1985
427,Jedediah,Casol,Afghanistan,1999
428,Kathye,Borsi,Bulgaria,1968
429,Lowell,Satterly,Colombia,1993
430,Lanie,Gibbetts,Croatia,2010
431,Benedick,Gisbey,Cuba,2008
432,Daryn,Whiffin,China,2007
433,Rolando,Kamienski,Croatia,1992
434,Abbey,Bulteel,Spain,2012
435,Elfreda,Palluschek,Armenia,2008
436,Saxon,Fackrell,Democratic Republic of the Congo,1992
437,Berget,Seabourne,Indonesia,1985
438,Cello,Stopps,Botswana,1991
439,Kiah,Eamer,Indonesia,1997
440,Sandy,Kruse,Sweden,1987
441,Spenser,Tenby,Indonesia,1991
442,Cecilio,Clineck,Sweden,1996
443,Crawford,Brawn,Greece,1987
444,Angelina,Redihalgh,Indonesia,2004
445,Callie,Thackham,China,2010
446,Jameson,Jiruch,Portugal,2011
447,Jeremie,Mebs,Russia,1994
448,Valida,Shackelton,China,1998
449,Kevyn,Filipiak,China,2003
450,Eugenia,Mainds,Albania,1999
451,Emmi,Wastling,Indonesia,1989
452,Shurlock,Jacqueminet,Belarus,2011
453,Ilaire,Wohler,Portugal,2007
454,Waite,Kench,Gambia,2010
455,Ced,Scanderet,Czech Republic,1997
456,Kennan,Dunks,Indonesia,2011
457,Nicko,Moryson,Russia,2010
458,Vere,Baike,United States,2005
459,Larissa,Harget,Ukraine,2011
460,Owen,Fortesquieu,Azerbaijan,2000
461,Koralle,Kliesl,Brazil,1990
462,Karoly,Allworthy,China,2007
463,Morrie,Huff,Syria,2009
464,Nero,Oates,Portugal,2001
465,Doretta,Heamus,Russia,1965
466,Charita,Borrill,Czech Republic,1994
467,Antoni,Cocci,Palestinian Territory,1995
468,Alfie,Tukesby,China,1995
469,Liana,Flemyng,Angola,2011
470,Myca,Dragon,China,2006
471,Parsifal,Weddeburn - Scrimgeour,Macedonia,2003
472,Karoline,Rumming,Morocco,2005
473,Dolores,Leming,Portugal,2005
474,Kaleb,Pray,China,2002
475,Woodrow,Thorington,Russia,2010
476,Bernita,Strode,China,2001
477,Lula,Junes,China,2010
478,Carmel,Rigney,Indonesia,2004
479,Kevan,Davage,China,1985
480,Joan,Corkish,Latvia,1996
481,Alyse,Willoway,Finland,1993
482,Roby,Fossitt,Cameroon,2007
483,Crosby,Parfett,Portugal,2001
484,Issiah,Rosita,Brazil,2006
485,Barry,Minucci,Brazil,2000
486,Ninnetta,Mancell,China,1993
487,Marielle,Peebles,Japan,2002
488,Kelley,O' Lone,Afghanistan,1996
489,Maddalena,Pitchford,Russia,2006
490,Kristoforo,Simka,Vietnam,1996
491,Felizio,Curr,Indonesia,2011
492,Tressa,Siggee,Portugal,2007
493,Trever,Zeplin,China,2007
494,Dyanne,Baudi,Bulgaria,1997
495,Drucy,Dashwood,China,1976
496,Dex,McDirmid,Portugal,2010
497,Jolynn,Puddicombe,Russia,1993
498,Sharla,Bauldrey,Kenya,1986
499,Zane,Biagi,Portugal,2006
500,Jakie,Haney`,Indonesia,1986
501,Johnny,Hartfield,Tunisia,1991
502,Alameda,Lardiner,Albania,2012
503,Felic,Salkeld,Venezuela,2002
504,Aimee,Treacy,China,1995
505,Matt,Clapshaw,Indonesia,2004
506,Jeramie,Pallister,China,1992
507,Winn,Denacamp,Brazil,2012
508,Glynnis,Skrine,Sweden,1999
509,Coretta,Artingstall,Peru,1998
510,Brianna,Raggitt,Indonesia,1994
511,Ced,Lowdeane,Philippines,2008
512,Rafe,Glashby,Ireland,1992
513,Liane,Frank,Canada,2007
514,Mariette,Luno,Canada,2003
515,Lissa,Dring,Thailand,2006
516,Jory,Mosen,China,2007
517,Claude,Cicculini,Peru,1999
518,Troy,Scase,Armenia,2001
519,Wakefield,Hardaker,Indonesia,1999
520,Lona,Kik,Philippines,1994
521,Courtenay,Hulland,China,1988
522,Kania,McDermott-Row,Japan,1991
523,Daren,Hrishanok,Syria,1993
524,Harri,Wardlow,Morocco,2010
525,Samantha,Enders,French Guiana,1999
526,Perry,Boldock,Czech Republic,1990
527,Linus,Firmager,Poland,2003
528,Joyous,Bendik,China,1990
529,Annemarie,Cowgill,Pakistan,2009
530,Caren,Burriss,China,2004
531,Neville,Restorick,France,1985
532,Marnia,Grisdale,Philippines,1989
533,Ofella,Kienzle,Portugal,1995
534,Sheppard,Yousef,Maldives,2004
535,Meredith,Tomasik,Philippines,1988
536,Waly,Brunel,Grenada,2007
537,Antonella,Clue,Brazil,2011
538,Betti,Lempel,Brazil,2006
539,Joellen,Moulder,Indonesia,1993
540,Paulie,Drinkhill,Portugal,1994
541,Alexine,Poetz,Canada,2013
542,Morry,Fursland,China,1990
543,Wayne,Bingley,Portugal,2011
544,Bogey,Revening,China,2001
545,Celestine,MacGruer,Honduras,2009
546,Hanan,Pimblott,China,2002
547,Margaux,Iozefovich,Sri Lanka,1999
548,Justinn,Castelain,China,2002
549,Kendricks,Laste,Syria,1993
550,Hewie,Mackley,France,1999
551,Raf,Ruffell,France,1995
552,Klarika,Coope,Ivory Coast,1991
553,Haven,Northfield,Sweden,2002
554,Killy,Canaan,Kazakhstan,2012
555,Jacinthe,Johnigan,Ukraine,1994
556,Eugene,Rzehorz,Indonesia,2009
557,Claudina,Shortcliffe,Mongolia,2009
558,Austin,Kesey,Peru,1997
559,Tandy,Rubega,Yemen,2006
560,Errol,Gaine,Canada,1992
561,Susann,De Domenico,Germany,1997
562,Diena,Kynoch,East Timor,1986
563,Halimeda,Ackenhead,Brazil,1986
564,Lishe,Pawson,Portugal,1984
565,Else,Tasseler,Indonesia,1992
566,Shandie,Darnbrough,China,1992
567,Aksel,Dows,United States,2002
568,Crysta,Potten,Poland,1994
569,Gaby,Doree,Indonesia,2012
570,Eugenie,Dowderswell,Ireland,2011
571,Alvan,Quinnet,China,2013
572,Clarance,Beardsdale,China,1992
573,Meg,Measor,Philippines,2010
574,Graham,Whitchurch,Lithuania,1998
575,Avivah,Blackeby,Netherlands,1996
576,Kerrie,Gimeno,Mexico,1993
577,Mortie,Branchet,Thailand,1998
578,Sheppard,Grigolli,China,2005
579,Tobey,Henrichsen,Sweden,2005
580,Lincoln,Van Arsdall,Greece,2000
581,Pollyanna,Kneafsey,Canada,2007
582,Peyter,Mablestone,Russia,2009
583,Ninnette,Janicijevic,South Africa,1989
584,Alicia,Maffetti,Portugal,2001
585,Annetta,Collison,Madagascar,1989
586,Lorrie,Matyashev,Indonesia,1996
587,Carl,Anscombe,Indonesia,1985
588,Valentina,Pearl,Kazakhstan,2011
589,Aile,Hamprecht,China,1989
590,Dannie,Vinecombe,Sweden,1992
591,Alvy,Bosma,China,1995
592,Deeyn,Flawn,Indonesia,1994
593,Fanny,Spofforth,Ukraine,1992
594,Leland,Ryman,South Korea,1985
595,Coleen,Casado,Ethiopia,1998
596,Darwin,MacCague,China,2002
597,Pippo,Lowry,Japan,2001
598,Leola,Warham,China,1990
599,Roberta,Ghelardoni,Morocco,1986
600,Sibyl,Placido,Niger,2006
601,Sheila,Limbourne,Czech Republic,1995
602,Klarrisa,Winchcum,Portugal,1996
603,Kendre,Matisoff,Kazakhstan,2009
604,Jeannette,Fyfe,Iran,2009
605,Cindi,Braven,Yemen,1988
606,Osborne,Rootes,China,1996
607,Winna,Redferne,China,2002
608,Nicoline,Klink,South Korea,1996
609,Beau,Klimochkin,Madagascar,2005
610,Carolin,Jacobssen,Philippines,2004
611,Calv,Inchan,Mexico,2005
612,Otes,Braunes,Indonesia,2004
613,Tamas,O'Ruane,Indonesia,2007
614,Crystie,Kennaway,Russia,2008
615,Dolly,Lernihan,Croatia,1993
616,Morgana,Beekman,Japan,2005
617,Brose,Bartlosz,Philippines,2011
618,Giff,Bewshire,Japan,2005
619,Alika,Peasby,Philippines,2000
620,Marianna,Isles,Japan,2003
621,Cinderella,Bussons,China,2012
622,Guy,Tasch,China,1992
623,Renelle,Desantis,Nigeria,2005
624,Josiah,Coniam,United States,2007
625,Mace,Leaney,United States,2006
626,Quintin,Rudsdell,Azerbaijan,2012
627,Appolonia,Blackstock,Macedonia,2001
628,Cherey,Kibble,China,2000
629,Lindsey,Shillito,Finland,2005
630,Horatia,Hallmark,Sweden,2003
631,Herminia,Sly,Portugal,1997
632,Ephrayim,Girdwood,China,1990
633,Gabby,Jachtym,China,1999
634,Gerome,Bedward,Mongolia,1995
635,Ev,Sidlow,China,2000
636,Dagny,Mackilpatrick,Macedonia,1989
637,Wally,Choules,Ukraine,2008
638,Kerry,Loncaster,China,1998
639,Lemmy,Bilbie,China,2002
640,Odilia,Scaplehorn,Palestinian Territory,1998
641,Cornall,Martt,Germany,1999
642,Emlynn,Mallinar,Estonia,2009
643,Oran,Robjents,Argentina,2006
644,Edd,Shemwell,Brazil,2006
645,Selie,Davidovich,United States,2000
646,Avril,Winspur,Portugal,2002
647,Rica,Dunwoody,Dominican Republic,2008
648,Cesare,Pionter,China,1985
649,Dannel,Howselee,Bangladesh,2005
650,Jerome,De Domenico,North Korea,2006
651,Kurt,Kopke,Guatemala,2013
652,Corina,Godilington,Brazil,2007
653,Orland,Dockree,Germany,1997
654,Celia,Vel,China,2004
655,Corey,Laundon,Nicaragua,2002
656,Neala,Saul,Uzbekistan,2008
657,Ginger,Maud,Jordan,2006
658,Janaya,Normavill,Madagascar,2002
659,Guendolen,Leaver,China,1965
660,Delphine,Kubalek,Poland,1989
661,Gilberto,Rumens,China,2008
662,Gerti,Saladin,China,1999
663,Sherie,Turmall,France,2008
664,Susanna,Stangoe,China,2006
665,Johna,covino,China,1991
666,Hagen,Giacomo,Philippines,2006
667,Brandi,O'Hannigan,France,1997
668,Elita,McKimmie,Morocco,1994
669,Elbertine,Whitfield,France,1992
670,Robinet,Rable,Poland,2001
671,Griffin,Halsworth,Colombia,1976
672,Roxanna,Critch,Nepal,2003
673,Nikolos,Stannis,Iran,2009
674,Shena,Klee,China,1998
675,Martino,Kitchenside,Brazil,1987
676,Bar,Coleson,France,2010
677,Cesya,Chretien,Brazil,1990
678,Leodora,Mathelon,Mexico,2003
679,Ambros,Dobey,Greece,2003
680,Thedric,Cadagan,Philippines,2006
681,Kelwin,Upham,Poland,1997
682,Sena,Bertomeu,China,1996
683,Brnaba,Wibrow,Indonesia,1997
684,Dal,Niaves,Indonesia,2011
685,Myranda,Haggerstone,Nigeria,2010
686,Phyllys,Castagne,China,1994
687,Janey,Klain,Philippines,2007
688,Bernadene,Samett,United Kingdom,2003
689,Dugald,Kempstone,France,2009
690,Ariella,MacEnelly,China,2006
691,Bel,Cordall,South Africa,2007
692,Jo ann,Rolfi,Sudan,2006
693,Gerardo,Liebermann,Thailand,2012
694,Carlota,Yannoni,Syria,2011
695,Tarrance,Lavery,China,2001
696,Barron,Jahnke,Croatia,2004
697,Ofella,Pentony,Russia,2012
698,Rosco,Syversen,Thailand,1984
699,Dulcie,O'Geaney,Iran,2006
700,Penrod,Breacher,Thailand,2004
701,Mycah,Mewhirter,Thailand,2003
702,Dore,Duesberry,Tajikistan,1997
703,Chloris,Guidotti,Nigeria,2002
704,Gabe,Glavis,China,2004
705,Sydney,O' Byrne,Indonesia,2002
706,Keeley,Durn,Kyrgyzstan,1995
707,Caritta,Longfut,Philippines,1989
708,Arlette,Clow,Philippines,1997
709,Dalt,Joao,Philippines,2008
710,Benson,Minall,Poland,2004
711,Jolynn,Rounding,Belarus,2010
712,Hunfredo,Frenzel;,China,1985
713,Max,Ordidge,Nigeria,1998
714,Gustaf,Bowmer,Egypt,2010
715,Marysa,Wilstead,China,2009
716,Rosanne,Hayesman,China,1991
717,Trude,Quinnell,San Marino,2011
718,Murvyn,Setter,Indonesia,1997
719,Millie,Satch,Costa Rica,2008
720,Etan,Josipovic,Syria,1997
721,Dallis,Kenworthy,Indonesia,1966
722,Alon,Brightey,Philippines,1995
723,Serena,Acom,Indonesia,2008
724,Roarke,Neligan,Honduras,2001
725,Verena,Simes,Uganda,1995
726,Blayne,Absolem,Ukraine,2002
727,Marlene,Clemo,Portugal,2009
728,Hetty,Quelch,Montenegro,1995
729,Drucill,Barrack,Malta,2001
730,Gaston,Champness,Sri Lanka,1995
731,Vale,Ather,Tajikistan,1992
732,Thor,Mattaus,Thailand,2009
733,Glenn,Kermath,Thailand,2005
734,Delano,Simenel,Kazakhstan,2009
735,Blithe,Jarmaine,Indonesia,1990
736,Verney,Ryam,Malaysia,2009
737,Jenifer,Penna,Sweden,2004
738,Jean,Anstice,France,1986
739,Agata,Capinetti,Vietnam,2011
740,Jade,Radley,Greece,2003
741,Chadd,Vern,Brazil,2006
742,Joli,Hearns,Greece,1998
743,Leif,Cluely,China,1992
744,Catherin,Boon,Armenia,2009
745,Arv,Cavanagh,Bulgaria,1993
746,Arnoldo,Beardshall,China,2007
747,Blondelle,Seleway,Thailand,2011
748,Addie,Feasley,Japan,2006
749,Holt,Lawrie,Kazakhstan,2008
750,Rois,Longland,Panama,2005
751,Sharline,Aves,Philippines,1999
752,Winny,Bayford,China,1998
753,Dot,Hampshaw,China,1994
754,Valera,Tynnan,Russia,1995
755,Koo,Ravenscroftt,Dominican Republic,2007
756,Lorens,Ible,Thailand,1993
757,Ivie,Cockram,Canada,1989
758,Dionis,Probbings,Japan,2005
759,Rodrigo,Swadling,Indonesia,2006
760,Enid,Kelling,Iran,2012
761,Harris,Bolam,China,1996
762,Larry,Jerisch,Indonesia,1992
763,Agatha,Lars,Russia,2006
764,Ula,Shefton,Bulgaria,1994
765,Valenka,Boulding,Portugal,2009
766,Leonelle,Blakes,Colombia,2008
767,Benedick,Cancellario,Japan,2012
768,Libby,Sleigh,Canada,2007
769,Esta,Tatchell,Croatia,2007
770,Toni,Vany,Guatemala,2008
771,Jori,Turfes,Poland,2002
772,Vite,Woodger,China,1970
773,Barnaby,Brockie,Russia,1984
774,Lidia,Colquete,Argentina,1995
775,Davidde,Olifard,China,2011
776,Giustino,Retallick,China,1997
777,Willy,McNeachtain,Indonesia,2012
778,Ann,Bresner,Uruguay,2008
779,Jen,Di Iorio,Democratic Republic of the Congo,1979
780,Jonell,Collison,Russia,1995
781,Courtney,Hassekl,Indonesia,2005
782,Starlene,Sherston,Russia,2007
783,Meridith,Jouandet,Vietnam,2003
784,Willey,Crosier,Poland,1997
785,Ludwig,Tod,Indonesia,2004
786,Quintin,McGann,China,1992
787,Enrika,Farrens,Canada,2008
788,Ealasaid,Eliet,Peru,2003
789,Clarinda,Lordon,Belarus,2000
790,Wiley,Gorham,United States,2011
791,Nanci,Pesek,Indonesia,2003
792,Rebecca,Rennick,China,2009
793,Judy,Bartle,Finland,2007
794,Parrnell,Ody,United States,1999
795,Jamey,Allsworth,Brazil,2000
796,Frazier,Lamort,Nicaragua,1995
797,Chicky,Asple,Russia,2005
798,Miguela,Buye,Indonesia,2007
799,Chadd,O'Finan,Indonesia,2010
800,Darin,Willcot,China,1997
801,Joelie,Lawrenson,Guatemala,1994
802,Serena,Munnion,Mexico,2002
803,Marline,Goldis,Russia,1961
804,Gearalt,Blaes,Philippines,2005
805,Vivie,Ambler,Russia,1997
806,Renie,Gosson,Thailand,1994
807,Thorin,Fradson,China,1999
808,Buddy,de Clercq,Indonesia,1983
809,Lavinie,Pescod,China,2008
810,Simonne,Cranidge,Finland,2012
811,Ddene,Merit,Kosovo,2011
812,Edgardo,Jurasz,Macedonia,1985
813,Maddie,Gavrielli,Mali,2012
814,Gustie,Galilee,United States,2004
815,Clyde,Batten,Indonesia,1993
816,Theresita,Gooley,China,1999
817,Saxe,Troyes,Ecuador,1993
818,Gizela,Terney,Czech Republic,2008
819,Ingaborg,Ramshay,Dominican Republic,2009
820,Maurice,Rickeard,Ukraine,1992
821,Cher,Dewhurst,Ethiopia,1994
822,Dieter,Ucceli,Brazil,2000
823,Kanya,Jorden,Ethiopia,1998
824,Bord,Senter,South Africa,2005
825,Shepperd,Lubomirski,Nigeria,2006
826,Magdalene,Easun,China,2012
827,Bastian,Mosdall,Indonesia,1993
828,Cyndi,Beardwood,Greece,1999
829,Devi,Claasen,Vietnam,2012
830,Simone,Jouaneton,China,2005
831,Alexandrina,Honig,Palestinian Territory,1984
832,Alexio,Harrisson,Portugal,1986
833,Christian,Bazek,Indonesia,1966
834,Randolph,MacCarter,Madagascar,2006
835,Maud,Smorfit,United States,1999
836,Noach,Davitti,Indonesia,1992
837,Iosep,Scarffe,Thailand,2000
838,Rawley,Frossell,China,1999
839,Orin,Tunnah,United States,1996
840,Giffie,Ceaplen,Chile,2009
841,Kristofer,Oldershaw,Indonesia,2003
842,Delmar,Ryton,Serbia,1997
843,Amelina,Scougall,Slovenia,2008
844,Miriam,Magarrell,France,2001
845,Trenna,Arrighini,Mauritius,2005
846,Kayle,Skoggings,Indonesia,1995
847,Ines,McManamon,Argentina,2011
848,Jocelyn,Melville,Tunisia,2000
849,Minny,Hazelgreave,Kazakhstan,1964
850,Ermin,Panswick,Philippines,2009
851,Beret,Pietraszek,Armenia,1994
852,Sande,de Verson,China,1999
853,Richmound,Copeland,Portugal,2007
854,Sonnie,Loncaster,Slovenia,2012
855,Shawna,McAlees,Indonesia,1995
856,Becca,Carvill,Morocco,1958
857,Giusto,Ruddy,China,2012
858,Paulo,Boik,China,2008
859,Caddric,Francombe,Vietnam,2010
860,Geno,Volker,Philippines,2009
861,Gwen,Tezure,Honduras,2012
862,Ettore,Gori,China,1990
863,Valaree,Enrich,Luxembourg,2001
864,Selinda,Jeckell,Peru,2010
865,Yorgos,Pettifer,Ukraine,2009
866,Thaddus,Snead,Poland,1965
867,Cherilynn,Kraut,Sweden,2004
868,Coralie,Ibert,Philippines,2008
869,Allyson,Zwicker,Brazil,1997
870,Cathryn,Callacher,China,1984
871,Flin,Sibthorpe,Thailand,2009
872,Valina,Turville,China,2013
873,Rosie,Hessing,France,2009
874,Madelyn,Champe,Sweden,1993
875,Heloise,Filintsev,China,2005
876,Kenneth,Tomlinson,China,2004
877,Seana,Hearnes,Israel,1994
878,Garv,Jeanequin,Macedonia,1997
879,Tawnya,Freeberne,Japan,2007
880,Claudianus,Penritt,Russia,2004
881,Addia,Zaczek,France,2007
882,Jerald,Gillyatt,Indonesia,1992
883,Merrile,Lermit,China,2006
884,Corene,Harms,Nigeria,1997
885,Shelly,Prine,Tokelau,2002
886,Nolly,Merriday,China,1996
887,Gretta,Laurant,Thailand,2005
888,Truda,Schimank,Bolivia,2012
889,Joelly,Greswell,Morocco,1985
890,Gabriello,Shippey,Indonesia,2009
891,Jarad,Glowinski,China,1990
892,Julie,Morden,China,1999
893,Karlie,Peert,China,1989
894,Othilie,Rahill,Russia,1996
895,Hana,Reddihough,China,2008
896,Brandie,Duggan,Peru,1993
897,Lonna,Crepel,Brazil,1966
898,Brinn,Benjefield,Madagascar,2010
899,Brewer,Conti,Germany,2006
900,Antonin,Van Leijs,China,2010
901,Otha,Aujean,Finland,1995
902,Allister,Adamthwaite,China,2011
903,Fairleigh,Diwell,Russia,1988
904,Jordan,Allmann,Tanzania,2006
905,Eadie,Dunkerly,Poland,1997
906,Norina,Kaemena,Bulgaria,2000
907,Mackenzie,Gary,Germany,2004
908,Eleanore,Landal,Croatia,2005
909,Elfie,Aickin,Sweden,2002
910,Celestyna,Mokes,Portugal,2003
911,Germaine,Axell,Japan,2008
912,Eberto,McKelvie,Philippines,1993
913,Geri,Phoenix,Bolivia,1991
914,Stepha,Scollick,Nigeria,2001
915,Pepillo,Norres,Belize,1996
916,Adlai,Longthorn,China,2008
917,Georgy,Plomer,Canada,1994
918,Minny,Cessford,Guatemala,1999
919,Isiahi,Blaszczynski,Nigeria,1993
920,Marabel,Piele,Portugal,2001
921,Durward,Ivashechkin,Luxembourg,2011
922,Dora,Amberg,China,2008
923,Theda,Izac,Philippines,1997
924,Ebenezer,Glasson,Japan,1998
925,Nolan,Weeden,Mexico,1986
926,Germana,Crackel,China,2010
927,Adiana,Peagram,Russia,2009
928,Hana,Suff,Argentina,2009
929,Valle,Wrought,China,1986
930,Gretna,Carsey,Vietnam,2001
931,Ozzie,Cheater,Brazil,2007
932,Casey,Goodspeed,Indonesia,2011
933,Hermie,Klauber,Jamaica,1999
934,Cort,Dobbins,China,1998
935,Leodora,Gligorijevic,Indonesia,1998
936,Khalil,Seaking,China,2005
937,Shirlee,Savage,China,2006
938,Darci,Peirone,Indonesia,2002
939,Gussi,Field,China,2001
940,Rodina,Bann,Russia,1997
941,Patrick,Creggan,China,2005
942,Bethany,Coppledike,Vietnam,1993
943,Cassie,Lanphier,Albania,2009
944,Darrelle,Mariot,Poland,2000
945,Clementina,Ceci,Russia,2007
946,Eddy,Osgardby,China,2006
947,Alasdair,Treend,China,2003
948,Ezra,Empson,Senegal,2010
949,Reagen,Paydon,France,2008
950,Jameson,Sainte Paul,Philippines,1994
951,Lay,Schollar,Macedonia,1991
952,Derward,Reddihough,Indonesia,1997
953,Ax,Sims,Indonesia,2010
954,Marven,Pamplin,China,1992
955,Owen,Morison,Portugal,2008
956,Efren,Reinbeck,Philippines,2009
957,Kissee,Crookall,China,1995
958,Maribel,Rosenzveig,Botswana,1992
959,Sauveur,Mustoo,Spain,1993
960,Ransom,Rizzardi,Philippines,1996
961,Siouxie,Yuryev,Sweden,2005
962,Etienne,Lante,Indonesia,2003
963,Borden,Hawsby,Indonesia,2000
964,Lewie,Bagnall,China,1996
965,Ethelbert,Gheraldi,Russia,2012
966,Danielle,Laherty,Myanmar,2005
967,Dehlia,Sancroft,Barbados,1999
968,Lauretta,Tomowicz,Greece,1992
969,Burnard,Pretsell,Afghanistan,1992
970,Abram,Bunning,China,1996
971,Mose,Risdale,Canada,1968
972,Giulio,Eastwell,Brazil,2010
973,Teresita,Chapman,Japan,2004
974,Kamilah,Roscoe,Poland,1998
975,Milicent,Petrie,South Africa,2011
976,Marina,Joist,Bolivia,2002
977,Hilario,Mardle,Chad,2007
978,Aviva,McGeagh,Portugal,2008
979,Damita,Reidie,United States,2011
980,Rycca,Spire,Spain,2004
981,Krissy,Mays,China,1998
982,Cami,Morsom,Indonesia,2012
983,Rem,Hume,Venezuela,2012
984,Iorgos,Hallawell,Philippines,2011
985,Ara,Biddell,China,1999
986,Lilas,Vivyan,Argentina,2009
987,Clarice,Guerri,Albania,2001
988,Carlee,Berthot,Indonesia,1993
989,Dur,Churcher,Venezuela,2007
990,Em,Wombwell,France,1994
991,Berti,Burrill,Netherlands,1993
992,Farr,O Mullen,Sweden,1994
993,Edee,Setchell,Indonesia,2005
994,Davide,Frapwell,Niger,1988
995,Stephana,Swalwell,Indonesia,2003
996,Mayne,Leslie,China,2002
997,Janine,Belsham,Sweden,2004
998,Boothe,De la Yglesias,Micronesia,2012
999,Janella,Jakobsson,China,1969
1000,Shalne,Olivier,Portugal,2007
